Workbook

Sheet intermediate_workbook_COMPLETE
A1: Combined_Key | B1: State | C1: Year | D1: Total_Population | E1: Pop_Under_65 | F1: Pop_65_Plus | G1: Deaths_Under_65 | H1: Deaths_65_Plus | I1: Total_Flu_Deaths | J1: Death_Rate_Under_65 | K1: Death_Rate_65_Plus | L1: Death_Rate_Total | M1: Death_Rate_per_100k | N1: Pct_Under_65 | O1: Pct_65_Plus | P1: Vax_Rate_Under_65 | Q1: Vax_Rate_65_Plus
A2: Alabama_2009 | B2: Alabama | C2: 2009 | D2: 4714494.7 | E2: 4077928.8 | F2: 636565.93 | G2: 464.5 | H2: 727 | I2: 1191.5 | J2: 11.39 | K2: 114.21 | L2: 25.27 | M2: 25.27 | N2: 86.5 | O2: 13.5 | Q2: 67.4
A3: Alabama_2010 | B3: Alabama | C3: 2010 | D3: 4865573.2 | E3: 4207655.7 | F3: 657917.51 | G3: 464.5 | H3: 763 | I3: 1227.5 | J3: 11.04 | K3: 115.97 | L3: 25.23 | M3: 25.23 | N3: 86.48 | O3: 13.52 | P3: 30.6 | Q3: 68.5
A4: Alabama_2011 | B4: Alabama | C4: 2011 | D4: 5081332.6 | E4: 4382426.7 | F4: 698905.82 | G4: 443 | H4: 769.5 | I4: 1212.5 | J4: 10.11 | K4: 110.1 | L4: 23.86 | M4: 23.86 | N4: 86.25 | O4: 13.75 | P4: 29.8 | Q4: 67
A5: Alabama_2012 | B5: Alabama | C5: 2012 | D5: 4866348.8 | E5: 4185178 | F5: 681170.78 | G5: 448 | H5: 754 | I5: 1202 | J5: 10.7 | K5: 110.69 | L5: 24.7 | M5: 24.7 | N5: 86 | O5: 14 | P5: 30.6 | Q5: 66.6
A6: Alabama_2013 | B6: Alabama | C6: 2013 | D6: 4877992.6 | E6: 4179281.4 | F6: 698711.18 | G6: 499 | H6: 789.5 | I6: 1288.5 | J6: 11.94 | K6: 112.99 | L6: 26.41 | M6: 26.41 | N6: 85.68 | O6: 14.32 | P6: 29.7 | Q6: 70.6
A7: Alabama_2014 | B7: Alabama | C7: 2014 | D7: 4621409 | E7: 3956957 | F7: 664451.93 | G7: 510 | H7: 782 | I7: 1292 | J7: 12.89 | K7: 117.69 | L7: 27.96 | M7: 27.96 | N7: 85.62 | O7: 14.38 | P7: 29.2 | Q7: 65.3
A8: Alabama_2015 | B8: Alabama | C8: 2015 | D8: 4726866.2 | E8: 4022073.4 | F8: 704792.78 | G8: 498 | H8: 884 | I8: 1382 | J8: 12.38 | K8: 125.43 | L8: 29.24 | M8: 29.24 | N8: 85.09 | O8: 14.91 | P8: 27.2 | Q8: 61.1
A9: Alabama_2016 | B9: Alabama | C9: 2016 | D9: 4939042.6 | E9: 4173074.8 | F9: 765967.76 | G9: 509.5 | H9: 757 | I9: 1266.5 | J9: 12.21 | K9: 98.83 | L9: 25.64 | M9: 25.64 | N9: 84.49 | O9: 15.51 | P9: 25.7 | Q9: 63
A10: Alabama_2017 | B10: Alabama | C10: 2017 | D10: 4761712 | E10: 4010307 | F10: 751405 | G10: 500 | H10: 940 | I10: 1440 | J10: 12.47 | K10: 125.1 | L10: 30.24 | M10: 30.24 | N10: 84.22 | O10: 15.78 | P10: 24.3
A11: Alaska_2009 | B11: Alaska | C11: 2009 | D11: 735043.2 | E11: 680233.96 | F11: 54809.243 | G11: 432 | H11: 162 | I11: 594 | J11: 63.51 | K11: 295.57 | L11: 80.81 | M11: 80.81 | N11: 92.54 | O11: 7.46 | Q11: 62.6
A12: Alaska_2010 | B12: Alaska | C12: 2010 | D12: 702619.75 | E12: 648359.84 | F12: 54259.91 | G12: 432 | H12: 162 | I12: 594 | J12: 66.63 | K12: 298.56 | L12: 84.54 | M12: 84.54 | N12: 92.28 | O12: 7.72 | P12: 28.4 | Q12: 55.1
A13: Alaska_2011 | B13: Alaska | C13: 2011 | D13: 677613.16 | E13: 624306.16 | F13: 53307.001 | G13: 432 | H13: 162 | I13: 594 | J13: 69.2 | K13: 303.9 | L13: 87.66 | M13: 87.66 | N13: 92.13 | O13: 7.87 | P13: 26.8 | Q13: 49.5
A14: Alaska_2012 | B14: Alaska | C14: 2012 | D14: 675844.55 | E14: 622588.28 | F14: 53256.263 | G14: 432 | H14: 162 | I14: 594 | J14: 69.39 | K14: 304.19 | L14: 87.89 | M14: 87.89 | N14: 92.12 | O14: 7.88 | P14: 29.7 | Q14: 56
A15: Alaska_2013 | B15: Alaska | C15: 2013 | D15: 724143.8 | E15: 661009 | F15: 63134.807 | G15: 432 | H15: 162 | I15: 594 | J15: 65.35 | K15: 256.59 | L15: 82.03 | M15: 82.03 | N15: 91.28 | O15: 8.72 | P15: 30.3 | Q15: 54.3
A16: Alaska_2014 | B16: Alaska | C16: 2014 | D16: 647868.79 | E16: 589629.28 | F16: 58239.516 | G16: 432 | H16: 162 | I16: 594 | J16: 73.27 | K16: 278.16 | L16: 91.69 | M16: 91.69 | N16: 91.01 | O16: 8.99 | P16: 29.3 | Q16: 57.5
A17: Alaska_2015 | B17: Alaska | C17: 2015 | D17: 705216.96 | E17: 636479.33 | F17: 68737.628 | G17: 432 | H17: 162 | I17: 594 | J17: 67.87 | K17: 235.68 | L17: 84.23 | M17: 84.23 | N17: 90.25 | O17: 9.75 | P17: 27 | Q17: 51.5
A18: Alaska_2016 | B18: Alaska | C18: 2016 | D18: 728136.76 | E18: 651876.82 | F18: 76259.938 | G18: 432 | H18: 162 | I18: 594 | J18: 66.27 | K18: 212.43 | L18: 81.58 | M18: 81.58 | N18: 89.53 | O18: 10.47 | P18: 27.9 | Q18: 55.6
A19: Alaska_2017 | B19: Alaska | C19: 2017 | D19: 731616 | E19: 651681 | F19: 79935 | G19: 432 | H19: 162 | I19: 594 | J19: 66.29 | K19: 202.66 | L19: 81.19 | M19: 81.19 | N19: 89.07 | O19: 10.93 | P19: 27.4
A20: Arizona_2009 | B20: Arizona | C20: 2009 | D20: 6322962.5 | E20: 5508902.5 | F20: 814059.98 | G20: 478.5 | H20: 788 | I20: 1266.5 | J20: 8.69 | K20: 96.8 | L20: 20.03 | M20: 20.03 | N20: 87.13 | O20: 12.87 | Q20: 71.7
A21: Arizona_2010 | B21: Arizona | C21: 2010 | D21: 6279566.3 | E21: 5441128.7 | F21: 838437.57 | G21: 449 | H21: 596 | I21: 1045 | J21: 8.25 | K21: 71.08 | L21: 16.64 | M21: 16.64 | N21: 86.65 | O21: 13.35 | P21: 31.3 | Q21: 64.3
A22: Arizona_2011 | B22: Arizona | C22: 2011 | D22: 6299556.4 | E22: 5439685.4 | F22: 859870.99 | G22: 437.5 | H22: 558 | I22: 995.5 | J22: 8.04 | K22: 64.89 | L22: 15.8 | M22: 15.8 | N22: 86.35 | O22: 13.65 | P22: 25.7 | Q22: 58.1
A23: Arizona_2012 | B23: Arizona | C23: 2012 | D23: 6453908.1 | E23: 5558974.8 | F23: 894933.28 | G23: 438.5 | H23: 552 | I23: 990.5 | J23: 7.89 | K23: 61.68 | L23: 15.35 | M23: 15.35 | N23: 86.13 | O23: 13.87 | P23: 25.7 | Q23: 65.5
A24: Arizona_2013 | B24: Arizona | C24: 2013 | D24: 6516483.3 | E24: 5583920.8 | F24: 932562.51 | G24: 437.5 | H24: 628 | I24: 1065.5 | J24: 7.83 | K24: 67.34 | L24: 16.35 | M24: 16.35 | N24: 85.69 | O24: 14.31 | P24: 22.8 | Q24: 60.5
A25: Arizona_2014 | B25: Arizona | C25: 2014 | D25: 6548459.2 | E25: 5577448 | F25: 971011.2 | G25: 472 | H25: 584.5 | I25: 1056.5 | J25: 8.46 | K25: 60.19 | L25: 16.13 | M25: 16.13 | N25: 85.17 | O25: 14.83 | P25: 25.3 | Q25: 62.4
A26: Arizona_2015 | B26: Arizona | C26: 2015 | D26: 6533150.4 | E26: 5523563.6 | F26: 1009586.8 | G26: 439.5 | H26: 632 | I26: 1071.5 | J26: 7.96 | K26: 62.6 | L26: 16.4 | M26: 16.4 | N26: 84.55 | O26: 15.45 | P26: 25.9 | Q26: 59.4
A27: Arizona_2016 | B27: Arizona | C27: 2016 | D27: 6547976.5 | E27: 5536113.9 | F27: 1011862.6 | G27: 502.5 | H27: 667 | I27: 1169.5 | J27: 9.08 | K27: 65.92 | L27: 17.86 | M27: 17.86 | N27: 84.55 | O27: 15.45 | P27: 26.7 | Q27: 60.8
A28: Arizona_2017 | B28: Arizona | C28: 2017 | D28: 6742401 | E28: 5649633 | F28: 1092768 | G28: 453 | H28: 693 | I28: 1146 | J28: 8.02 | K28: 63.42 | L28: 17 | M28: 17 | N28: 83.79 | O28: 16.21 | P28: 21.6
A29: Arkansas_2009 | B29: Arkansas | C29: 2009 | D29: 2845308.5 | E29: 2445092.2 | F29: 400216.31 | G29: 437.5 | H29: 547.5 | I29: 985 | J29: 17.89 | K29: 136.8 | L29: 34.62 | M29: 34.62 | N29: 85.93 | O29: 14.07 | Q29: 75.4
A30: Arkansas_2010 | B30: Arkansas | C30: 2010 | D30: 3041711.8 | E30: 2605607.4 | F30: 436104.44 | G30: 432 | H30: 516 | I30: 948 | J30: 16.58 | K30: 118.32 | L30: 31.17 | M30: 31.17 | N30: 85.66 | O30: 14.34 | P30: 30.9 | Q30: 63.9
A31: Arkansas_2011 | B31: Arkansas | C31: 2011 | D31: 2970524.9 | E31: 2546498 | F31: 424026.99 | G31: 438.5 | H31: 608 | I31: 1046.5 | J31: 17.22 | K31: 143.39 | L31: 35.23 | M31: 35.23 | N31: 85.73 | O31: 14.27 | P31: 33.1 | Q31: 64.1
A32: Arkansas_2012 | B32: Arkansas | C32: 2012 | D32: 3063052.9 | E32: 2614284.8 | F32: 448768.11 | G32: 437.5 | H32: 590 | I32: 1027.5 | J32: 16.73 | K32: 131.47 | L32: 33.54 | M32: 33.54 | N32: 85.35 | O32: 14.65 | P32: 32.8 | Q32: 62.6
A33: Arkansas_2013 | B33: Arkansas | C33: 2013 | D33: 3038894 | E33: 2593175.8 | F33: 445718.18 | G33: 432 | H33: 650.5 | I33: 1082.5 | J33: 16.66 | K33: 145.94 | L33: 35.62 | M33: 35.62 | N33: 85.33 | O33: 14.67 | P33: 30.5 | Q33: 66.6
A34: Arkansas_2014 | B34: Arkansas | C34: 2014 | D34: 2953583.8 | E34: 2517489.6 | F34: 436094.22 | G34: 461.5 | H34: 530 | I34: 991.5 | J34: 18.33 | K34: 121.53 | L34: 33.57 | M34: 33.57 | N34: 85.24 | O34: 14.76 | P34: 30.3 | Q34: 69.6
A35: Arkansas_2015 | B35: Arkansas | C35: 2015 | D35: 3099489.2 | E35: 2617501.1 | F35: 481988.12 | G35: 432 | H35: 552.5 | I35: 984.5 | J35: 16.5 | K35: 114.63 | L35: 31.76 | M35: 31.76 | N35: 84.45 | O35: 15.55 | P35: 28.5 | Q35: 59.1
A36: Arkansas_2016 | B36: Arkansas | C36: 2016 | D36: 3082014.1 | E36: 2601757.4 | F36: 480256.73 | G36: 432 | H36: 518 | I36: 950 | J36: 16.6 | K36: 107.86 | L36: 30.82 | M36: 30.82 | N36: 84.42 | O36: 15.58 | P36: 30 | Q36: 62.8
A37: Arkansas_2017 | B37: Arkansas | C37: 2017 | D37: 3144162 | E37: 2648828 | F37: 495334 | G37: 438.5 | H37: 576 | I37: 1014.5 | J37: 16.55 | K37: 116.29 | L37: 32.27 | M37: 32.27 | N37: 84.25 | O37: 15.75 | P37: 23.4
A38: California_2009 | B38: California | C38: 2009 | D38: 36365426 | E38: 32389755 | F38: 3975671.4 | G38: 1311.5 | H38: 5197 | I38: 6508.5 | J38: 4.05 | K38: 130.72 | L38: 17.9 | M38: 17.9 | N38: 89.07 | O38: 10.93 | Q38: 71.8
A39: California_2010 | B39: California | C39: 2010 | D39: 36400455 | E39: 32379711 | F39: 4020744 | G39: 836 | H39: 5229 | I39: 6065 | J39: 2.58 | K39: 130.05 | L39: 16.66 | M39: 16.66 | N39: 88.95 | O39: 11.05 | P39: 27.5 | Q39: 62.5
A40: California_2011 | B40: California | C40: 2011 | D40: 37023696 | E40: 32838531 | F40: 4185164.9 | G40: 1018.5 | H40: 5338 | I40: 6356.5 | J40: 3.1 | K40: 127.55 | L40: 17.17 | M40: 17.17 | N40: 88.7 | O40: 11.3 | P40: 27.6 | Q40: 60.7
A41: California_2012 | B41: California | C41: 2012 | D41: 37353124 | E41: 33037937 | F41: 4315187.6 | G41: 900.5 | H41: 5119 | I41: 6019.5 | J41: 2.73 | K41: 118.63 | L41: 16.12 | M41: 16.12 | N41: 88.45 | O41: 11.55 | P41: 29.9 | Q41: 66.5
A42: California_2013 | B42: California | C42: 2013 | D42: 37634417 | E42: 33191090 | F42: 4443327.1 | G42: 1021.5 | H42: 5694 | I42: 6715.5 | J42: 3.08 | K42: 128.15 | L42: 17.84 | M42: 17.84 | N42: 88.19 | O42: 11.81 | P42: 22.3
A43: California_2014 | B43: California | C43: 2014 | D43: 38101486 | E43: 33479940 | F43: 4621545.7 | G43: 1267.5 | H43: 4888 | I43: 6155.5 | J43: 3.79 | K43: 105.77 | L43: 16.16 | M43: 16.16 | N43: 87.87 | O43: 12.13 | P43: 26.1 | Q43: 64.7
A44: California_2015 | B44: California | C44: 2015 | D44: 38666462 | E44: 33840957 | F44: 4825504.8 | G44: 944 | H44: 5423 | I44: 6367 | J44: 2.79 | K44: 112.38 | L44: 16.47 | M44: 16.47 | N44: 87.52 | O44: 12.48 | P44: 26.3 | Q44: 61.1
A45: California_2016 | B45: California | C45: 2016 | D45: 38845197 | E45: 33838735 | F45: 5006462.1 | G45: 1052.5 | H45: 5085 | I45: 6137.5 | J45: 3.11 | K45: 101.57 | L45: 15.8 | M45: 15.8 | N45: 87.11 | O45: 12.89 | P45: 30.5 | Q45: 66.2
A46: California_2017 | B46: California | C46: 2017 | D46: 38760119 | E46: 33645050 | F46: 5115069 | G46: 1011 | H46: 5510 | I46: 6521 | J46: 3 | K46: 107.72 | L46: 16.82 | M46: 16.82 | N46: 86.8 | O46: 13.2 | P46: 20.7
A47: Colorado_2009 | B47: Colorado | C47: 2009 | D47: 4863900.6 | E47: 4363960.6 | F47: 499940.05 | G47: 457.5 | H47: 474 | I47: 931.5 | J47: 10.48 | K47: 94.81 | L47: 19.15 | M47: 19.15 | N47: 89.72 | O47: 10.28 | Q47: 76.9
A48: Colorado_2010 | B48: Colorado | C48: 2010 | D48: 4912740.6 | E48: 4391400.4 | F48: 521340.22 | G48: 432 | H48: 448 | I48: 880 | J48: 9.84 | K48: 85.93 | L48: 17.91 | M48: 17.91 | N48: 89.39 | O48: 10.61 | P48: 34 | Q48: 68.5
A49: Colorado_2011 | B49: Colorado | C49: 2011 | D49: 5050822.5 | E49: 4501638.2 | F49: 549184.29 | G49: 432 | H49: 471 | I49: 903 | J49: 9.6 | K49: 85.76 | L49: 17.88 | M49: 17.88 | N49: 89.13 | O49: 10.87 | P49: 32.9 | Q49: 69.5
A50: Colorado_2012 | B50: Colorado | C50: 2012 | D50: 5006586.2 | E50: 4447039.4 | F50: 559546.71 | G50: 432 | H50: 442.5 | I50: 874.5 | J50: 9.71 | K50: 79.08 | L50: 17.47 | M50: 17.47 | N50: 88.82 | O50: 11.18 | P50: 36.8 | Q50: 72.1
A51: Colorado_2013 | B51: Colorado | C51: 2013 | D51: 5176027.5 | E51: 4581162.7 | F51: 594864.77 | G51: 445 | H51: 451.5 | I51: 896.5 | J51: 9.71 | K51: 75.9 | L51: 17.32 | M51: 17.32 | N51: 88.51 | O51: 11.49 | P51: 35.5 | Q51: 72.1
A52: Colorado_2014 | B52: Colorado | C52: 2014 | D52: 5268698.4 | E52: 4644402.1 | F52: 624296.29 | G52: 456 | H52: 494.5 | I52: 950.5 | J52: 9.82 | K52: 79.21 | L52: 18.04 | M52: 18.04 | N52: 88.15 | O52: 11.85 | P52: 32 | Q52: 73
A53: Colorado_2015 | B53: Colorado | C53: 2015 | D53: 5872796.5 | E53: 5138309.1 | F53: 734487.37 | G53: 432 | H53: 516.5 | I53: 948.5 | J53: 8.41 | K53: 70.32 | L53: 16.15 | M53: 16.15 | N53: 87.49 | O53: 12.51 | P53: 30.7 | Q53: 66.9
A54: Colorado_2016 | B54: Colorado | C54: 2016 | D54: 5359641.1 | E54: 4676892.2 | F54: 682748.94 | G54: 439.5 | H54: 400 | I54: 839.5 | J54: 9.4 | K54: 58.59 | L54: 15.66 | M54: 15.66 | N54: 87.26 | O54: 12.74 | P54: 29.7 | Q54: 68.5
A55: Colorado_2017 | B55: Colorado | C55: 2017 | D55: 5915370 | E55: 5132875 | F55: 782495 | G55: 456 | H55: 424 | I55: 880 | J55: 8.88 | K55: 54.19 | L55: 14.88 | M55: 14.88 | N55: 86.77 | O55: 13.23 | P55: 26.1
A56: Connecticut_2009 | B56: Connecticut | C56: 2009 | D56: 3494729.9 | E56: 3018554.7 | F56: 476175.17 | G56: 432 | H56: 600 | I56: 1032 | J56: 14.31 | K56: 126 | L56: 29.53 | M56: 29.53 | N56: 86.37 | O56: 13.63 | Q56: 75.2
A57: Connecticut_2010 | B57: Connecticut | C57: 2010 | D57: 3546674.1 | E57: 3055024.8 | F57: 491649.25 | G57: 432 | H57: 522 | I57: 954 | J57: 14.14 | K57: 106.17 | L57: 26.9 | M57: 26.9 | N57: 86.14 | O57: 13.86 | P57: 36.2 | Q57: 68.5
A58: Connecticut_2011 | B58: Connecticut | C58: 2011 | D58: 3555013 | E58: 3055379.2 | F58: 499633.78 | G58: 432 | H58: 606 | I58: 1038 | J58: 14.14 | K58: 121.29 | L58: 29.2 | M58: 29.2 | N58: 85.95 | O58: 14.05 | P58: 32.7 | Q58: 66.4
A59: Connecticut_2012 | B59: Connecticut | C59: 2012 | D59: 3567230 | E59: 3056953.7 | F59: 510276.24 | G59: 432 | H59: 502 | I59: 934 | J59: 14.13 | K59: 98.38 | L59: 26.18 | M59: 26.18 | N59: 85.7 | O59: 14.3 | P59: 30.2 | Q59: 66.8
A60: Connecticut_2013 | B60: Connecticut | C60: 2013 | D60: 3580750.8 | E60: 3060943.5 | F60: 519807.24 | G60: 432 | H60: 543.5 | I60: 975.5 | J60: 14.11 | K60: 104.56 | L60: 27.24 | M60: 27.24 | N60: 85.48 | O60: 14.52 | P60: 32.6 | Q60: 67.5
A61: Connecticut_2014 | B61: Connecticut | C61: 2014 | D61: 3595785.4 | E61: 3064320.1 | F61: 531465.28 | G61: 432 | H61: 560 | I61: 992 | J61: 14.1 | K61: 105.37 | L61: 27.59 | M61: 27.59 | N61: 85.22 | O61: 14.78 | P61: 35.7 | Q61: 70.1
A62: Connecticut_2015 | B62: Connecticut | C62: 2015 | D62: 3595414.9 | E62: 3052999.2 | F62: 542415.62 | G62: 432 | H62: 611 | I62: 1043 | J62: 14.15 | K62: 112.64 | L62: 29.01 | M62: 29.01 | N62: 84.91 | O62: 15.09 | P62: 33.2 | Q62: 66.7
A63: Connecticut_2016 | B63: Connecticut | C63: 2016 | D63: 3590736.4 | E63: 3037097.8 | F63: 553638.56 | G63: 432 | H63: 475.5 | I63: 907.5 | J63: 14.22 | K63: 85.89 | L63: 25.27 | M63: 25.27 | N63: 84.58 | O63: 15.42 | P63: 33 | Q63: 66.6
A64: Connecticut_2017 | B64: Connecticut | C64: 2017 | D64: 3594478 | E64: 3018721 | F64: 575757 | G64: 437.5 | H64: 585.5 | I64: 1023 | J64: 14.49 | K64: 101.69 | L64: 28.46 | M64: 28.46 | N64: 83.98 | O64: 16.02 | P64: 24.9
A65: Delaware_2009 | B65: Delaware | C65: 2009 | D65: 864393.17 | E65: 745245.96 | F65: 119147.21 | G65: 432 | H65: 162 | I65: 594 | J65: 57.97 | K65: 135.97 | L65: 68.72 | M65: 68.72 | N65: 86.22 | O65: 13.78 | Q65: 71.2
A66: Delaware_2010 | B66: Delaware | C66: 2010 | D66: 881693.62 | E66: 758912.55 | F66: 122781.07 | G66: 432 | H66: 167.5 | I66: 599.5 | J66: 56.92 | K66: 136.42 | L66: 67.99 | M66: 67.99 | N66: 86.07 | O66: 13.93 | P66: 35 | Q66: 70.6
A67: Delaware_2011 | B67: Delaware | C67: 2011 | D67: 890011.99 | E67: 763429.58 | F67: 126582.41 | G67: 432 | H67: 162 | I67: 594 | J67: 56.59 | K67: 127.98 | L67: 66.74 | M67: 66.74 | N67: 85.78 | O67: 14.22 | P67: 34.8 | Q67: 69.1
A68: Delaware_2012 | B68: Delaware | C68: 2012 | D68: 899540.03 | E68: 768807.01 | F68: 130733.01 | G68: 432 | H68: 174 | I68: 606 | J68: 56.19 | K68: 133.1 | L68: 67.37 | M68: 67.37 | N68: 85.47 | O68: 14.53 | P68: 35.3 | Q68: 71.4
A69: Delaware_2013 | B69: Delaware | C69: 2013 | D69: 908410.4 | E69: 773012.61 | F69: 135397.79 | G69: 432 | H69: 167.5 | I69: 599.5 | J69: 55.89 | K69: 123.71 | L69: 65.99 | M69: 65.99 | N69: 85.1 | O69: 14.9 | P69: 32.8 | Q69: 70
A70: Delaware_2014 | B70: Delaware | C70: 2014 | D70: 917125.36 | E70: 776040.4 | F70: 141084.97 | G70: 432 | H70: 179.5 | I70: 611.5 | J70: 55.67 | K70: 127.23 | L70: 66.68 | M70: 66.68 | N70: 84.62 | O70: 15.38 | P70: 37.6 | Q70: 70.4
A71: Delaware_2015 | B71: Delaware | C71: 2015 | D71: 926281.17 | E71: 778731.78 | F71: 147549.39 | G71: 432 | H71: 196 | I71: 628 | J71: 55.47 | K71: 132.84 | L71: 67.8 | M71: 67.8 | N71: 84.07 | O71: 15.93 | P71: 30.4 | Q71: 68.2
A72: Delaware_2016 | B72: Delaware | C72: 2016 | D72: 935207.25 | E72: 781548.21 | F72: 153659.04 | G72: 432 | H72: 162 | I72: 594 | J72: 55.27 | K72: 105.43 | L72: 63.52 | M72: 63.52 | N72: 83.57 | O72: 16.43 | P72: 36.1 | Q72: 73.6
A73: Delaware_2017 | B73: Delaware | C73: 2017 | D73: 943732 | E73: 783167 | F73: 160565 | G73: 432 | H73: 167.5 | I73: 599.5 | J73: 55.16 | K73: 104.32 | L73: 63.52 | M73: 63.52 | N73: 82.99 | O73: 17.01 | P73: 28.6
A74: District of Columbia_2009 | B74: District of Columbia | C74: 2009 | D74: 589609.87 | E74: 519586.34 | F74: 70023.527 | G74: 432 | H74: 162 | I74: 594 | J74: 83.14 | K74: 231.35 | L74: 100.74 | M74: 100.74 | N74: 88.12 | O74: 11.88 | Q74: 63.6
A75: District of Columbia_2010 | B75: District of Columbia | C75: 2010 | D75: 585568.8 | E75: 518362.8 | F75: 67206 | G75: 432 | H75: 162 | I75: 594 | J75: 83.34 | K75: 241.05 | L75: 101.44 | M75: 101.44 | N75: 88.52 | O75: 11.48 | P75: 37.1 | Q75: 62.4
A76: District of Columbia_2012 | B76: District of Columbia | C76: 2012 | D76: 605153.24 | E76: 535490.96 | F76: 69662.285 | G76: 432 | H76: 162 | I76: 594 | J76: 80.67 | K76: 232.55 | L76: 98.16 | M76: 98.16 | N76: 88.49 | O76: 11.51 | P76: 29.1 | Q76: 63.6
A77: District of Columbia_2013 | B77: District of Columbia | C77: 2013 | D77: 617512.89 | E77: 547523.96 | F77: 69988.923 | G77: 432 | H77: 162 | I77: 594 | J77: 78.9 | K77: 231.47 | L77: 96.19 | M77: 96.19 | N77: 88.67 | O77: 11.33 | P77: 31.6 | Q77: 61
A78: District of Columbia_2014 | B78: District of Columbia | C78: 2014 | D78: 633736 | E78: 562123.83 | F78: 71612.168 | G78: 432 | H78: 162 | I78: 594 | J78: 76.85 | K78: 226.22 | L78: 93.73 | M78: 93.73 | N78: 88.7 | O78: 11.3 | P78: 30.7 | Q78: 59.1
A79: District of Columbia_2015 | B79: District of Columbia | C79: 2015 | D79: 647484 | E79: 573670.82 | F79: 73813.176 | G79: 432 | H79: 162 | I79: 594 | J79: 75.3 | K79: 219.47 | L79: 91.74 | M79: 91.74 | N79: 88.6 | O79: 11.4 | P79: 31.9 | Q79: 56.2
A80: District of Columbia_2016 | B80: District of Columbia | C80: 2016 | D80: 660327.02 | E80: 585199.99 | F80: 75127.026 | G80: 432 | H80: 162 | I80: 594 | J80: 73.82 | K80: 215.63 | L80: 89.96 | M80: 89.96 | N80: 88.62 | O80: 11.38 | P80: 32.9 | Q80: 65
A81: District of Columbia_2017 | B81: District of Columbia | C81: 2017 | D81: 672391 | E81: 592622 | F81: 79769 | G81: 432 | H81: 162 | I81: 594 | J81: 72.9 | K81: 203.09 | L81: 88.34 | M81: 88.34 | N81: 88.14 | O81: 11.86 | P81: 20.7
A82: Florida_2009 | B82: Florida | C82: 2009 | D82: 18226216 | E82: 15154752 | F82: 3071464.9 | G82: 717 | H82: 1861 | I82: 2578 | J82: 4.73 | K82: 60.59 | L82: 14.14 | M82: 14.14 | N82: 83.15 | O82: 16.85 | Q82: 67.8
A83: Florida_2010 | B83: Florida | C83: 2010 | D83: 18544002 | E83: 15403596 | F83: 3140406 | G83: 573.5 | H83: 1904 | I83: 2477.5 | J83: 3.72 | K83: 60.63 | L83: 13.36 | M83: 13.36 | N83: 83.07 | O83: 16.93 | P83: 23.4 | Q83: 65.2
A84: Florida_2011 | B84: Florida | C84: 2011 | D84: 18638163 | E84: 15437045 | F84: 3201117.9 | G84: 628 | H84: 2034 | I84: 2662 | J84: 4.07 | K84: 63.54 | L84: 14.28 | M84: 14.28 | N84: 82.82 | O84: 17.18 | P84: 22.9 | Q84: 62.3
A85: Florida_2012 | B85: Florida | C85: 2012 | D85: 18698214 | E85: 15425291 | F85: 3272923.1 | G85: 584.5 | H85: 1985 | I85: 2569.5 | J85: 3.79 | K85: 60.65 | L85: 13.74 | M85: 13.74 | N85: 82.5 | O85: 17.5 | P85: 18.9 | Q85: 56.7
A86: Florida_2013 | B86: Florida | C86: 2013 | D86: 18826250 | E86: 15493359 | F86: 3332891 | G86: 743.5 | H86: 2136 | I86: 2879.5 | J86: 4.8 | K86: 64.09 | L86: 15.3 | M86: 15.3 | N86: 82.3 | O86: 17.7 | P86: 21 | Q86: 58.7
A87: Florida_2014 | B87: Florida | C87: 2014 | D87: 19203031 | E87: 15730869 | F87: 3472161.7 | G87: 784 | H87: 2143 | I87: 2927 | J87: 4.98 | K87: 61.72 | L87: 15.24 | M87: 15.24 | N87: 81.92 | O87: 18.08 | P87: 22.5 | Q87: 62
A88: Florida_2015 | B88: Florida | C88: 2015 | D88: 19360728 | E88: 15746350 | F88: 3614377.6 | G88: 635.5 | H88: 2271 | I88: 2906.5 | J88: 4.04 | K88: 62.83 | L88: 15.01 | M88: 15.01 | N88: 81.33 | O88: 18.67 | P88: 21.4 | Q88: 60.6
A89: Florida_2016 | B89: Florida | C89: 2016 | D89: 20030261 | E89: 16214600 | F89: 3815660.8 | G89: 749.5 | H89: 2260 | I89: 3009.5 | J89: 4.62 | K89: 59.23 | L89: 15.02 | M89: 15.02 | N89: 80.95 | O89: 19.05 | P89: 21 | Q89: 64
A90: Florida_2017 | B90: Florida | C90: 2017 | D90: 20438732 | E90: 16486446 | F90: 3952286 | G90: 711 | H90: 2554 | I90: 3265 | J90: 4.31 | K90: 64.62 | L90: 15.97 | M90: 15.97 | N90: 80.66 | O90: 19.34 | P90: 18.4
A91: Georgia_2009 | B91: Georgia | C91: 2009 | D91: 9710984.4 | E91: 8732051.5 | F91: 978932.92 | G91: 530.5 | H91: 1165.5 | I91: 1696 | J91: 6.08 | K91: 119.06 | L91: 17.46 | M91: 17.46 | N91: 89.92 | O91: 10.08 | Q91: 68.3
A92: Georgia_2010 | B92: Georgia | C92: 2010 | D92: 9598287.5 | E92: 8606857.8 | F92: 991429.71 | G92: 504.5 | H92: 1172 | I92: 1676.5 | J92: 5.86 | K92: 118.21 | L92: 17.47 | M92: 17.47 | N92: 89.67 | O92: 10.33 | P92: 35.3 | Q92: 61
A93: Georgia_2011 | B93: Georgia | C93: 2011 | D93: 9628406.3 | E93: 8615291.6 | F93: 1013114.6 | G93: 529 | H93: 1173 | I93: 1702 | J93: 6.14 | K93: 115.78 | L93: 17.68 | M93: 17.68 | N93: 89.48 | O93: 10.52 | P93: 27.1 | Q93: 68.6
A94: Georgia_2012 | B94: Georgia | C94: 2012 | D94: 9960483.3 | E94: 8874150.4 | F94: 1086332.9 | G94: 518 | H94: 1117 | I94: 1635 | J94: 5.84 | K94: 102.82 | L94: 16.41 | M94: 16.41 | N94: 89.09 | O94: 10.91 | P94: 27 | Q94: 62
A95: Georgia_2013 | B95: Georgia | C95: 2013 | D95: 10022532 | E95: 8891569.8 | F95: 1130962.6 | G95: 559 | H95: 1155.5 | I95: 1714.5 | J95: 6.29 | K95: 102.17 | L95: 17.11 | M95: 17.11 | N95: 88.72 | O95: 11.28 | P95: 24 | Q95: 59.3
A96: Georgia_2014 | B96: Georgia | C96: 2014 | D96: 9813880.7 | E96: 8689558.2 | F96: 1124322.5 | G96: 617 | H96: 1133 | I96: 1750 | J96: 7.1 | K96: 100.77 | L96: 17.83 | M96: 17.83 | N96: 88.54 | O96: 11.46 | P96: 27.7 | Q96: 62.8
A97: Georgia_2015 | B97: Georgia | C97: 2015 | D97: 10308468 | E97: 9061615.2 | F97: 1246852.7 | G97: 551 | H97: 1159 | I97: 1710 | J97: 6.08 | K97: 92.95 | L97: 16.59 | M97: 16.59 | N97: 87.9 | O97: 12.1 | P97: 26.2 | Q97: 62.6
A98: Georgia_2016 | B98: Georgia | C98: 2016 | D98: 10079994 | E98: 8834976.2 | F98: 1245018.1 | G98: 584.5 | H98: 1068 | I98: 1652.5 | J98: 6.62 | K98: 85.78 | L98: 16.39 | M98: 16.39 | N98: 87.65 | O98: 12.35 | P98: 26.7 | Q98: 64.8
A99: Georgia_2017 | B99: Georgia | C99: 2017 | D99: 10346352 | E99: 9013003 | F99: 1333349 | G99: 547 | H99: 1117 | I99: 1664 | J99: 6.07 | K99: 83.77 | L99: 16.08 | M99: 16.08 | N99: 87.11 | O99: 12.89 | P99: 22.5
A100: Hawaii_2009 | B100: Hawaii | C100: 2009 | D100: 1282393.4 | E100: 1101746.8 | F100: 180646.57 | G100: 432 | H100: 231 | I100: 663 | J100: 39.21 | K100: 127.87 | L100: 51.7 | M100: 51.7 | N100: 85.91 | O100: 14.09 | Q100: 76.9
...

Sheet Chart1_Data
A1: Death Count Range | B1: 65+ Years | C1: Under 65 Years
A2: 0-500 | B2: =COUNTIFS(intermediate_workbook_COMPLETE!$H:$H,">=0",intermediate_workbook_COMPLETE!$H:$H,"<=500") -> 191 | C2: =COUNTIFS(intermediate_workbook_COMPLETE!G:G,">=0",intermediate_workbook_COMPLETE!G:G,"<=500") -> 358
A3: 501-1000 | B3: =COUNTIFS(intermediate_workbook_COMPLETE!H:H,">=501",intermediate_workbook_COMPLETE!H:H,"<=1000") -> 136 | C3: =COUNTIFS(intermediate_workbook_COMPLETE!G:G,">=501",intermediate_workbook_COMPLETE!G:G,"<=1000") -> 93
A4: 1001-1500 | B4: =COUNTIFS(intermediate_workbook_COMPLETE!H:H,">=1001",intermediate_workbook_COMPLETE!H:H,"<=1500") -> 59 | C4: =COUNTIFS(intermediate_workbook_COMPLETE!G:G,">=1001",intermediate_workbook_COMPLETE!G:G,"<=1500") -> 7
A5: 1501-2000 | B5: =COUNTIFS(intermediate_workbook_COMPLETE!H:H,">=1501",intermediate_workbook_COMPLETE!H:H,"<=2000") -> 22 | C5: =COUNTIFS(intermediate_workbook_COMPLETE!G:G,">=1501",intermediate_workbook_COMPLETE!G:G,"<=2000") -> 0
A6: 2001-2500 | B6: =COUNTIFS(intermediate_workbook_COMPLETE!H:H,">=2001",intermediate_workbook_COMPLETE!H:H,"<=2500") -> 25 | C6: =COUNTIFS(intermediate_workbook_COMPLETE!G:G,">=2001",intermediate_workbook_COMPLETE!G:G,"<=2500") -> 0
A7: 2501-3000 | B7: =COUNTIFS(intermediate_workbook_COMPLETE!H:H,">=2501",intermediate_workbook_COMPLETE!H:H,"<=3000") -> 7 | C7: =COUNTIFS(intermediate_workbook_COMPLETE!G:G,">=2501",intermediate_workbook_COMPLETE!G:G,"<=3000") -> 0
A8: 3000+ | B8: =COUNTIF(intermediate_workbook_COMPLETE!H:H,">=3000") -> 18 | C8: =COUNTIF(intermediate_workbook_COMPLETE!G:G,">=3000") -> 0

Sheet Chart2_Data
A1: Under 65 Years | B1: 65+ Years
A2: 464.5 | B2: 727
A3: 464.5 | B3: 763
A4: 443 | B4: 769.5
A5: 448 | B5: 754
A6: 499 | B6: 789.5
A7: 510 | B7: 782
A8: 498 | B8: 884
A9: 509.5 | B9: 757
A10: 500 | B10: 940
A11: 432 | B11: 162
A12: 432 | B12: 162
A13: 432 | B13: 162
... A459: 432 | B459: 175

Sheet Chart2_Stats
A1: Statistic | B1: Under 65 Years | C1: 65+ Years
A2: Minimum | B2: =MIN(Chart2_Data!A:A) -> 432 | C2: =MIN(Chart2_Data!B:B) -> 162
A3: Q1 (25%) | B3: =QUARTILE(Chart2_Data!A:A,1) -> 432 | C3: =QUARTILE(Chart2_Data!B:B,1) -> 256.125
A4: Median | B4: =MEDIAN(Chart2_Data!A:A) -> 438.5 | C4: =MEDIAN(Chart2_Data!B:B) -> 571.25
A5: Q3 (75%) | B5: =QUARTILE(Chart2_Data!A:A,3) -> 484.125 | C5: =QUARTILE(Chart2_Data!B:B,3) -> 1115.375
A6: Maximum | B6: =MAX(Chart2_Data!A:A) -> 1311.5 | C6: =MAX(Chart2_Data!B:B) -> 5694
A7: Mean | B7: =AVERAGE(Chart2_Data!A:A) -> 491.91485 | C7: =AVERAGE(Chart2_Data!B:B) -> 891.69105

Sheet Chart3_Data
A1: Pop_Under_65 | B1: Deaths_Under_65 | C1: Pop_65_Plus | D1: Deaths_65_Plus
A2: 4077928.8 | B2: 464.5 | C2: 636565.93 | D2: 727
A3: 4207655.7 | B3: 464.5 | C3: 657917.51 | D3: 763
A4: 4382426.7 | B4: 443 | C4: 698905.82 | D4: 769.5
A5: 4185178 | B5: 448 | C5: 681170.78 | D5: 754
A6: 4179281.4 | B6: 499 | C6: 698711.18 | D6: 789.5
A7: 3956957 | B7: 510 | C7: 664451.93 | D7: 782
A8: 4022073.4 | B8: 498 | C8: 704792.78 | D8: 884
A9: 4173074.8 | B9: 509.5 | C9: 765967.76 | D9: 757
A10: 4010307 | B10: 500 | C10: 751405 | D10: 940
A11: 680233.96 | B11: 432 | C11: 54809.243 | D11: 162
A12: 648359.84 | B12: 432 | C12: 54259.91 | D12: 162
A13: 624306.16 | B13: 432 | C13: 53307.001 | D13: 162
... A459: 535415 | B459: 432 | C459: 92750 | D459: 175

Sheet Chart4_Data
A1: State_Year | B1: Pct_65_Plus | C1: Vax_Rate_65_Plus | D1: Death_Rate_65_Plus | E1: Vax_Category
A2: Alabama_2009 | B2: 13.5 | C2: 67.4 | D2: 114.21
A3: Alabama_2010 | B3: 13.52 | C3: 68.5 | D3: 115.97
A4: Alabama_2011 | B4: 13.75 | C4: 67 | D4: 110.1
A5: Alabama_2012 | B5: 14 | C5: 66.6 | D5: 110.69
A6: Alabama_2013 | B6: 14.32 | C6: 70.6 | D6: 112.99
A7: Alabama_2014 | B7: 14.38 | C7: 65.3 | D7: 117.69
A8: Alabama_2015 | B8: 14.91 | C8: 61.1 | D8: 125.43
A9: Alabama_2016 | B9: 15.51 | C9: 63 | D9: 98.83 | E9: =IF(C2<65,"Low",IF(C2<=70,"Medium","High")) -> Medium
A10: Alabama_2017 | B10: 15.78 | D10: 125.1
A11: Alaska_2009 | B11: 7.46 | C11: 62.6 | D11: 295.57
A12: Alaska_2010 | B12: 7.72 | C12: 55.1 | D12: 298.56
A13: Alaska_2011 | B13: 7.87 | C13: 49.5 | D13: 303.9
A14: Alaska_2012 | B14: 7.88 | C14: 56 | D14: 304.19
A15: Alaska_2013 | B15: 8.72 | C15: 54.3 | D15: 256.59
A16: Alaska_2014 | B16: 8.99 | C16: 57.5 | D16: 278.16
A17: Alaska_2015 | B17: 9.75 | C17: 51.5 | D17: 235.68
A18: Alaska_2016 | B18: 10.47 | C18: 55.6 | D18: 212.43
A19: Alaska_2017 | B19: 10.93 | D19: 202.66
A20: Arizona_2009 | B20: 12.87 | C20: 71.7 | D20: 96.8
A21: Arizona_2010 | B21: 13.35 | C21: 64.3 | D21: 71.08
A22: Arizona_2011 | B22: 13.65 | C22: 58.1 | D22: 64.89
A23: Arizona_2012 | B23: 13.87 | C23: 65.5 | D23: 61.68
A24: Arizona_2013 | B24: 14.31 | C24: 60.5 | D24: 67.34
A25: Arizona_2014 | B25: 14.83 | C25: 62.4 | D25: 60.19
A26: Arizona_2015 | B26: 15.45 | C26: 59.4 | D26: 62.6 | E26: =IF(C19<65,"Low",IF(C19<=70,"Medium","High")) -> Low
A27: Arizona_2016 | B27: 15.45 | C27: 60.8 | D27: 65.92 | E27: =IF(C20<65,"Low",IF(C20<=70,"Medium","High")) -> High
A28: Arizona_2017 | B28: 16.21 | D28: 63.42
A29: Arkansas_2009 | B29: 14.07 | C29: 75.4 | D29: 136.8
A30: Arkansas_2010 | B30: 14.34 | C30: 63.9 | D30: 118.32
A31: Arkansas_2011 | B31: 14.27 | C31: 64.1 | D31: 143.39
A32: Arkansas_2012 | B32: 14.65 | C32: 62.6 | D32: 131.47
A33: Arkansas_2013 | B33: 14.67 | C33: 66.6 | D33: 145.94
A34: Arkansas_2014 | B34: 14.76 | C34: 69.6 | D34: 121.53
A35: Arkansas_2015 | B35: 15.55 | C35: 59.1 | D35: 114.63 | E35: =IF(C28<65,"Low",IF(C28<=70,"Medium","High")) -> Low
A36: Arkansas_2016 | B36: 15.58 | C36: 62.8 | D36: 107.86 | E36: =IF(C29<65,"Low",IF(C29<=70,"Medium","High")) -> High
A37: Arkansas_2017 | B37: 15.75 | D37: 116.29
A38: California_2009 | B38: 10.93 | C38: 71.8 | D38: 130.72
A39: California_2010 | B39: 11.05 | C39: 62.5 | D39: 130.05
A40: California_2011 | B40: 11.3 | C40: 60.7 | D40: 127.55
A41: California_2012 | B41: 11.55 | C41: 66.5 | D41: 118.63
A42: California_2013 | B42: 11.81 | D42: 128.15
A43: California_2014 | B43: 12.13 | C43: 64.7 | D43: 105.77
A44: California_2015 | B44: 12.48 | C44: 61.1 | D44: 112.38
A45: California_2016 | B45: 12.89 | C45: 66.2 | D45: 101.57
A46: California_2017 | B46: 13.2 | D46: 107.72
A47: Colorado_2009 | B47: 10.28 | C47: 76.9 | D47: 94.81
A48: Colorado_2010 | B48: 10.61 | C48: 68.5 | D48: 85.93
A49: Colorado_2011 | B49: 10.87 | C49: 69.5 | D49: 85.76
A50: Colorado_2012 | B50: 11.18 | C50: 72.1 | D50: 79.08
A51: Colorado_2013 | B51: 11.49 | C51: 72.1 | D51: 75.9
A52: Colorado_2014 | B52: 11.85 | C52: 73 | D52: 79.21
A53: Colorado_2015 | B53: 12.51 | C53: 66.9 | D53: 70.32
A54: Colorado_2016 | B54: 12.74 | C54: 68.5 | D54: 58.59
A55: Colorado_2017 | B55: 13.23 | D55: 54.19
A56: Connecticut_2009 | B56: 13.63 | C56: 75.2 | D56: 126
A57: Connecticut_2010 | B57: 13.86 | C57: 68.5 | D57: 106.17
A58: Connecticut_2011 | B58: 14.05 | C58: 66.4 | D58: 121.29
A59: Connecticut_2012 | B59: 14.3 | C59: 66.8 | D59: 98.38
A60: Connecticut_2013 | B60: 14.52 | C60: 67.5 | D60: 104.56
A61: Connecticut_2014 | B61: 14.78 | C61: 70.1 | D61: 105.37
A62: Connecticut_2015 | B62: 15.09 | C62: 66.7 | D62: 112.64 | E62: =IF(C55<65,"Low",IF(C55<=70,"Medium","High")) -> Low
A63: Connecticut_2016 | B63: 15.42 | C63: 66.6 | D63: 85.89 | E63: =IF(C56<65,"Low",IF(C56<=70,"Medium","High")) -> High
A64: Connecticut_2017 | B64: 16.02 | D64: 101.69
A65: Delaware_2009 | B65: 13.78 | C65: 71.2 | D65: 135.97
A66: Delaware_2010 | B66: 13.93 | C66: 70.6 | D66: 136.42
A67: Delaware_2011 | B67: 14.22 | C67: 69.1 | D67: 127.98
A68: Delaware_2012 | B68: 14.53 | C68: 71.4 | D68: 133.1
A69: Delaware_2013 | B69: 14.9 | C69: 70 | D69: 123.71
A70: Delaware_2014 | B70: 15.38 | C70: 70.4 | D70: 127.23 | E70: =IF(C63<65,"Low",IF(C63<=70,"Medium","High")) -> Medium
A71: Delaware_2015 | B71: 15.93 | C71: 68.2 | D71: 132.84 | E71: =IF(C64<65,"Low",IF(C64<=70,"Medium","High")) -> Low
A72: Delaware_2016 | B72: 16.43 | C72: 73.6 | D72: 105.43 | E72: =IF(C65<65,"Low",IF(C65<=70,"Medium","High")) -> High
A73: Delaware_2017 | B73: 17.01 | D73: 104.32
A74: District of Columbia_2009 | B74: 11.88 | C74: 63.6 | D74: 231.35
A75: District of Columbia_2010 | B75: 11.48 | C75: 62.4 | D75: 241.05
A76: District of Columbia_2012 | B76: 11.51 | C76: 63.6 | D76: 232.55
A77: District of Columbia_2013 | B77: 11.33 | C77: 61 | D77: 231.47
A78: District of Columbia_2014 | B78: 11.3 | C78: 59.1 | D78: 226.22
A79: District of Columbia_2015 | B79: 11.4 | C79: 56.2 | D79: 219.47
A80: District of Columbia_2016 | B80: 11.38 | C80: 65 | D80: 215.63
A81: District of Columbia_2017 | B81: 11.86 | D81: 203.09
A82: Florida_2009 | B82: 16.85 | C82: 67.8 | D82: 60.59 | E82: =IF(C75<65,"Low",IF(C75<=70,"Medium","High")) -> Low
A83: Florida_2010 | B83: 16.93 | C83: 65.2 | D83: 60.63 | E83: =IF(C76<65,"Low",IF(C76<=70,"Medium","High")) -> Low
A84: Florida_2011 | B84: 17.18 | C84: 62.3 | D84: 63.54 | E84: =IF(C77<65,"Low",IF(C77<=70,"Medium","High")) -> Low
A85: Florida_2012 | B85: 17.5 | C85: 56.7 | D85: 60.65 | E85: =IF(C78<65,"Low",IF(C78<=70,"Medium","High")) -> Low
A86: Florida_2013 | B86: 17.7 | C86: 58.7 | D86: 64.09 | E86: =IF(C79<65,"Low",IF(C79<=70,"Medium","High")) -> Low
A87: Florida_2014 | B87: 18.08 | C87: 62 | D87: 61.72 | E87: =IF(C80<65,"Low",IF(C80<=70,"Medium","High")) -> Medium
A88: Florida_2015 | B88: 18.67 | C88: 60.6 | D88: 62.83 | E88: =IF(C81<65,"Low",IF(C81<=70,"Medium","High")) -> Low
A89: Florida_2016 | B89: 19.05 | C89: 64 | D89: 59.23 | E89: =IF(C82<65,"Low",IF(C82<=70,"Medium","High")) -> Medium
A90: Florida_2017 | B90: 19.34 | D90: 64.62
A91: Georgia_2009 | B91: 10.08 | C91: 68.3 | D91: 119.06
A92: Georgia_2010 | B92: 10.33 | C92: 61 | D92: 118.21
A93: Georgia_2011 | B93: 10.52 | C93: 68.6 | D93: 115.78
A94: Georgia_2012 | B94: 10.91 | C94: 62 | D94: 102.82
A95: Georgia_2013 | B95: 11.28 | C95: 59.3 | D95: 102.17
A96: Georgia_2014 | B96: 11.46 | C96: 62.8 | D96: 100.77
A97: Georgia_2015 | B97: 12.1 | C97: 62.6 | D97: 92.95
A98: Georgia_2016 | B98: 12.35 | C98: 64.8 | D98: 85.78
A99: Georgia_2017 | B99: 12.89 | D99: 83.77
A100: Hawaii_2009 | B100: 14.09 | C100: 76.9 | D100: 127.87
...

Sheet Table3_Stats
A1: Vaccination Coverage | B1: Number of Observations | C1: Average Death Rate (per 100k) | D1: Median Death Rate (per 100k)
A2: Low (<65%) | B2: =COUNTIF(Chart4_Data!C:C,"<65") -> 150 | C2: =AVERAGEIF(Chart4_Data!C:C,"<65",Chart4_Data!D:D) -> 125.22107 | D2: {=MEDIAN(IF(Chart4_Data!E:E="Low",Chart4_Data!D:D))} -> 111.855
A3: Medium (65-70%) | B3: =COUNTIFS(Chart4_Data!C:C,">=65",Chart4_Data!C:C,"<=70") -> 142 | C3: =AVERAGEIFS(Chart4_Data!D:D,Chart4_Data!C:C,">=65",Chart4_Data!C:C,"<=70") -> 114.60894 | D3: {=MEDIAN(IF((Chart4_Data!C:C>=65)*(Chart4_Data!C:C<=70),Chart4_Data!D:D))} -> 115.73
A4: High (>70%) | B4: =COUNTIF(Chart4_Data!C:C,">70") -> 113 | C4: =AVERAGEIF(Chart4_Data!C:C,">70",Chart4_Data!D:D) -> 127.23035 | D4: {=MEDIAN(IF(Chart4_Data!C:C>70,Chart4_Data!D:D))} -> 122.16
